{"class_map": {"valid": [{"map95": 0.7696999422223243, "map50": 0.9959065306859759, "class": "all"}]}}